560128	CFA	AXE CREEK	AXEC	f
560144	CFA	AXEDALE	AXED	f
560544	CFA	GOORNONG	GNON	f
562376	CFA	CULLA	CULL	f
565000	CFA	TIMBOON	TIMB	f
570688	CFA	BELGRAVE HEIGHTS & SOUTH	BELS	f
568760	CFA	DARGO	DARG	f
570536	CFA	HOMEWOOD	HOMW	f
571472	CFA	COLDSTREAM	COLD	f
574248	CFA	AVOCA	AVOU	f
562280	CFA	PASCHENDALE	PDAL	f
562784	CFA	CAVENDISH	CAVE	f
1353008	CFA	PATTERSON RIVER STAFF	PATRS	f
1352984	CFA	SCORESBY STAFF	SCORS	f
1352968	CFA	WARRANDYTE STAFF	WARRS	f
1368456	CFA	WHITTLESEA STAFF	WHITS	f
568824	CFA	STRATFORD	STRT	f
571248	CFA	KINGLAKE WEST	KIWE	f
571312	CFA	SOUTH WARRANDYTE	STHW	f
574424	CFA	CALLAWADDA	CALL	f
1017600	CFA	BEVERFORD & DISTRICT	BEVE	f
580064	CFA	STEWARTON	STEW	f
579208	CFA	CANIAMBO	CANI	f
580336	CFA	CHESHUNT	CHNT	f
569192	CFA	SALE	SALE	f
569376	CFA	PAYNESVILLE	PAYN	f
560816	CFA	CHEWTON	CHEW	f
560992	CFA	COONOOER BRIDGE	CBRG	f
560432	CFA	DINGEE-TANDARA	DING	f
560336	CFA	DUNOLLY	DUNU	f
561264	CFA	EAGLEHAWK	EAGL	f
561280	CFA	GOLDEN SQUARE	GOLD	f
560976	CFA	CARAPOOEE	CARA	f
561864	CFA	CASHMORE	CASH	f
561512	CFA	CASTERTON	CAST	f
573728	CFA	CAMPBELLS CREEK	CAMP	f
563472	CFA	PACIFIC FORESTRY SERVICES	YFIB	f
560800	CFA	CASTLEMAINE	CMAI	f
560832	CFA	ELPHINSTONE	ELPH	f
561152	CFA	FENTONS CREEK	FENT	f
561008	CFA	GOOROC	GROC	f
561024	CFA	GRE GRE VILLAGE	GREG	f
560848	CFA	HARCOURT	HARC	f
560160	CFA	HUNTLY	HUNL	f
560448	CFA	JARKLIN	JARK	f
560176	CFA	JUNORTOUN	JUNO	f
560576	CFA	KAMAROOKA	KAMA	f
561040	CFA	KOOREH	KOOR	f
561168	CFA	KORONG VALE	KVAL	f
560864	CFA	LANGLEY-BARFOLD	LABR	f
560192	CFA	MAIDEN GULLY	MAID	f
560736	CFA	MALDON	MALD	f
560208	CFA	MANDURANG	MDRG	f
560224	CFA	MARONG	MONG	f
560464	CFA	MITIAMO	MITI	f
560240	CFA	MOSQUITO CREEK	MOSQ	f
561184	CFA	MYSIA	MYSI	f
560368	CFA	NATTE YALLOCK	NYLK	f
560640	CFA	NEWBRIDGE	NBRG	f
560656	CFA	POWLETT-SALISBURY	POWL	f
560896	CFA	REDESDALE	REDE	f
560672	CFA	RHEOLA	RHEO	f
560256	CFA	SEDGWICK	SEDG	f
560496	CFA	SERPENTINE	SERP	f
561072	CFA	ST ARNAUD	STAR	f
560272	CFA	STRATHFIELDSAYE	SAYE	f
561088	CFA	STUART MILL	SMIL	f
560928	CFA	TARADALE	TARA	f
560384	CFA	TARNAGULLA	TARN	f
561104	CFA	TRAYNOR'S LAGOON	TRAY	f
560752	CFA	WALMER	WALM	f
561200	CFA	WEDDERBURN	WEDR	f
560288	CFA	WOODVALE	WVAL	f
561216	CFA	WOOSANG	WSNG	f
561232	CFA	WYCHITELLA	WTEL	f
561480	CFA	BAHGALLAH	BAHG	f
562104	CFA	BRANXHOLME	BLME	f
561848	CFA	CAPE BRIDGEWATER	CBRI	f
561496	CFA	CARAPOOK	CPOK	f
561528	CFA	CHETWYND	CHET	f
561880	CFA	CONDAH	COND	f
561544	CFA	CORNDALE	CDAL	f
561736	CFA	DARTMOOR	DART	f
561560	CFA	DERGHOLM	DERG	f
562136	CFA	DIGBY	DIGB	f
561576	CFA	DORODONG	DORO	f
1462128	CFA	HOPPERS CROSSING STAFF	HOPPS	f
561752	CFA	DRIK DRIK	DRIK	f
561896	CFA	DRUMBORG	DBRG	f
562152	CFA	GLENORCHY ESTATE	GEST	f
561912	CFA	GORAE WEST	GWST	f
562184	CFA	GRASSDALE	GDAL	f
561608	CFA	GREAT SOUTHERN	GSTH	f
561368	CFA	GRINGE	GRIN	f
561384	CFA	GRITJURK	GRIT	f
561928	CFA	HEATHMERE	HMER	f
561624	CFA	HENTY	HENT	f
561944	CFA	HEYWOOD	HEYW	f
561960	CFA	HOMERTON	HOME	f
561976	CFA	HOTSPUR	HOTS	f
561992	CFA	LYONS	LYON	f
561400	CFA	MELVILLE FOREST	MFOR	f
562232	CFA	MERINO	MINO	f
562008	CFA	MILLTOWN	MTWN	f
562248	CFA	MORVEN	MORV	f
561784	CFA	MUMBANNAR	MUMB	f
570632	CFA	District 13 ALL	\N	f
579736	CFA	District 23 ALL	\N	f
562040	CFA	NARRAWONG	NWNG	f
561800	CFA	NELSON	NELS	f
562424	CFA	PIGEON PONDS	PPND	f
561656	CFA	POOLAIJELO	POOL	f
562056	CFA	PORTLAND	PLND	f
561816	CFA	RENNICK PLANTATION	RENN	f
561672	CFA	SANDFORD	SAND	f
562552	CFA	STRATHDOWNIE	SDWN	f
562312	CFA	TAHARA WEST	TWST	f
562440	CFA	TARRAYOUKYAN	TYAN	f
562328	CFA	TARRENLEA	TLEA	f
562072	CFA	TYRENDARRA	TYRE	f
561432	CFA	VASEY	VASE	f
562344	CFA	WALLACEDALE	WDAL	f
561704	CFA	WANDO VALE	WANV	f
561448	CFA	WOOTONG VALE	WOTV	f
563008	CFA	ABBEY HILLS	ABBE	f
563152	CFA	ALLANSFORD	AFRD	f
562720	CFA	ARDACHY	ARDA	f
563328	CFA	ARDONACHIE	ARDO	f
563344	CFA	BESSIEBELLE	BESS	f
562752	CFA	BOCHARA	BOCH	f
563360	CFA	BROADWATER	BWTR	f
563760	CFA	BUCKLEY SWAMP	BUCK	f
563776	CFA	BURN BRAE	BRNB	f
563376	CFA	BYADUK	BYAD	f
562608	CFA	CODRINGTON	CODR	f
563168	CFA	CUDGEE	CUDG	f
563872	CFA	DUNKELD	DUNK	f
563648	CFA	ELLERSLIE	ELLE	f
563184	CFA	GARVOC	GARC	f
563808	CFA	GAZETTE	GAZE	f
563888	CFA	GLENTHOMPSON	GTOM	f
563520	CFA	GRASSMERE	GRRE	f
565016	CFA	AKD-CALCO	AKDC	f
569016	CFA	ALBERTON WEST	ALBE	f
569176	CFA	GRAND RIDGE PLANTATIONS	GRID	f
569160	CFA	YARRAM	YRAM	f
573920	CFA	CENTRAL HIGHLANDS WATER	CHIG	f
574872	CFA	ENVIRONINVEST	ENVI	f
576432	CFA	WILLENABRINA	WRIN	f
578312	CFA	DEAKIN NORTH WEST	DEAK	f
560560	CFA	HUNTER-DIGGORA	HUND	f
564360	CFA	CARPENDEIT-STH PURRUMBETE	CARP	f
567920	CFA	LARDNER	LARD	f
560960	CFA	BEAZLEY'S BRIDGE	BEAZ	f
560608	CFA	BRIDGEWATER	BRIU	f
561248	CFA	BENDIGO	BEND	f
561136	CFA	BERRIMAL	BERR	f
562264	CFA	MUNTHAM	MUNT	f
562816	CFA	HAMILTON	HAMI	f
563040	CFA	HAWKESDALE	HAWK	f
563664	CFA	HEXHAM	HEXH	f
562848	CFA	KARABEAL	KARA	f
562624	CFA	KIRKSTALL	KIRK	f
563392	CFA	KNEBSWORTH	KNEB	f
563536	CFA	KOROIT	KORO	f
563200	CFA	LAANG	LAAN	f
563408	CFA	MACARTHUR	MACA	f
563216	CFA	MEPUNGA	MEPU	f
563056	CFA	MINHAMITE	MINH	f
562864	CFA	MIRRANATWA	MIRR	f
563696	CFA	MORTLAKE	MLKU	f
563424	CFA	NORTH BYADUK	NBYA	f
563264	CFA	NULLAWARRE	NWAR	f
563440	CFA	ORFORD	ORFO	f
563280	CFA	PANMURE	PANM	f
563296	CFA	PETERBOROUGH	PETE	f
562640	CFA	PORT FAIRY	PRTF	f
563552	CFA	PURNIM	PURN	f
563072	CFA	SPRING CREEK	SPCR	f
562656	CFA	ST HELENS	STNS	f
562912	CFA	STRATHKELLAR	SKEL	f
563904	CFA	STRATHMORE	SMOR	f
563712	CFA	THE SISTERS	THES	f
562672	CFA	TOOLONG	TLNG	f
562944	CFA	VICTORIA VALLEY	VICV	f
563568	CFA	WANGOOM	WAOM	f
563584	CFA	WARRNAMBOOL	WBOL	f
563088	CFA	WARRONG	WAOG	f
563104	CFA	WILLATOOK & DISTRICT	WTOK	f
563600	CFA	WINSLOW & YARPTURK	WINS	f
563616	CFA	WOODFORD	WFRD	f
563120	CFA	WOOLSTHORPE	WTHO	f
563728	CFA	WOORIWYRITE	WRIT	f
562688	CFA	YAMBUK	YAMB	f
564472	CFA	BARONGAROOK WEST	BARO	f
563992	CFA	BEEAC	BEEA	f
564728	CFA	BERRYBANK	BBNK	f
564152	CFA	BOOKAAR	BOOK	f
564344	CFA	BOSTOCKS CREEK	BOST	f
564888	CFA	BRUCKNELL-AYRFORD	BFRD	f
564488	CFA	BUNGADOR	BUNG	f
564184	CFA	CAMPERDOWN	CDWN	f
564200	CFA	CHOCOLYN	CHOC	f
564376	CFA	COBDEN	COBD	f
564392	CFA	COBRICO	COCO	f
564008	CFA	COLAC	COLA	f
564744	CFA	CRESSY	CRES	f
564760	CFA	DARLINGTON	DARL	f
564536	CFA	DREEITE SOUTH	DREE	f
564792	CFA	DUVERNEY	DUVE	f
564408	CFA	ECKLIN & DISTRICT	ECKL	f
564424	CFA	ELINGAMITE - GLENFYNE	ELIN	f
564552	CFA	GELLIBRAND	GELL	f
564040	CFA	GERANGAMETE	GERE	f
564568	CFA	HANCOCK OTWAYS	HANO	f
564056	CFA	IRREWARRA	IRRE	f
564440	CFA	JANCOURT	JANC	f
564600	CFA	KAWARREN	KAWA	f
564904	CFA	KENNEDY'S CREEK	KENN	f
563232	CFA	NARINGAL	NGAL	f
564616	CFA	LARPENT	LARP	f
564824	CFA	LISMORE	LSMR	f
564920	CFA	LOWER HEYTESBURY	LHEY	f
564632	CFA	MIDWAY - OTWAYS	MIDW	f
564648	CFA	NALANGIL	NALA	f
564216	CFA	NOORAT & DISTRICT	NOOR	f
564664	CFA	OTWAY	OTWY	f
564232	CFA	POMBORNEIT & DIST	POMB	f
564936	CFA	PORT CAMPBELL	PRTC	f
564968	CFA	SCOTTS CK-COWLEYS CK.	SCOT	f
564984	CFA	SIMPSON	SIMP	f
564248	CFA	STONYFORD	SFRD	f
564680	CFA	SWAN MARSH	SMSH	f
564280	CFA	TERANG-DIXIE	TDIX	f
564296	CFA	TESBURY	TESY	f
564856	CFA	VITE VITE NORTH	VIVI	f
564696	CFA	WARRION	WARI	f
564312	CFA	WEERITE	WRTE	f
564104	CFA	YEO & DISTRICT	YEOA	f
564120	CFA	YEODENE	YEOD	f
565424	CFA	ANGLESEA	ANGL	f
565440	CFA	CONNEWARRE	CONN	f
565808	CFA	DEANS MARSH	DEAN	f
562520	CFA	LAKE MUNDI	LMUN	f
562536	CFA	LINDSAY	LSAY	f
565936	CFA	GEELONG CITY	GONG	f
565568	CFA	GEELONG WEST	GEWE	f
565664	CFA	DEREEL	DERE	f
565584	CFA	GROVEDALE	GROV	f
565600	CFA	HIGHTON	HIGH	f
565840	CFA	INVERLEIGH	INVE	f
565136	CFA	LETHBRIDGE	LETH	f
565152	CFA	LITTLE RIVER	LITT	f
565472	CFA	LORNE	LRNE	f
565680	CFA	MOUNT MERCER	MTME	f
565312	CFA	OCEAN GROVE	OCEA	f
565456	CFA	FRESHWATER CREEK	FRES	f
566808	CFA	EDITHVALE	EDIT	f
566424	CFA	GEMBROOK	GEMB	f
565824	CFA	GNARWARRE	GNAR	f
566648	CFA	MAIN RIDGE	MAIN	f
566472	CFA	NARRE WARREN	NARR	f
566520	CFA	PAKENHAM	PKHM	f
1286888	CFA	PATTERSON RIVER	PATR	f
567096	CFA	RED HILL	REDH	f
567856	CFA	DARNUM & ELLINBANK	DARN	f
567392	CFA	RUBY	RUBY	f
567792	CFA	TOORA	TORA	f
568504	CFA	YINNAR SOUTH	YINS	f
563792	CFA	CROXTON EAST	CROX	f
562504	CFA	KILLARA	KILL	f
562392	CFA	KONONGWOOTONG	KONO	f
565504	CFA	WYE RIVER	WYER	f
566072	CFA	KERNOT	KERN	f
565552	CFA	CORIO	CORO	f
565616	CFA	LARA	LARA	f
565168	CFA	LOVELY BANKS	LOVE	f
565296	CFA	MANNERIM	MANN	f
565184	CFA	MAUDE	MAUD	f
565856	CFA	MODEWARRE	MODE	f
565328	CFA	PORTARLINGTON	PORT	f
565696	CFA	ROKEWOOD	ROKE	f
565712	CFA	SHELFORD	SHEL	f
565360	CFA	ST LEONARDS-INDENTED HEAD	STLE	f
565216	CFA	STONEHAVEN	STON	f
565376	CFA	WALLINGTON	WALN	f
565744	CFA	WERNETH	WERN	f
565888	CFA	WINCHELSEA	WSEA	f
565904	CFA	WINGEEL	WING	f
566968	CFA	BALNARRING	BALN	f
565104	CFA	BANNOCKBURN	BBRN	f
565992	CFA	BASS	BASS	f
566984	CFA	BAXTER	BAXT	f
566360	CFA	BEACONSFIELD UPPER	BEUP	f
567000	CFA	BITTERN	BITT	f
566600	CFA	BONEO	BONE	f
566184	CFA	CLYDE	CLYD	f
566408	CFA	COCKATOO	COAT	f
566008	CFA	CORINELLA	CORN	f
566200	CFA	CRANBOURNE	CRAN	f
567016	CFA	CRIB POINT	CRIB	f
566792	CFA	DANDENONG	DAND	f
566616	CFA	DROMANA	DROM	f
566632	CFA	FLINDERS	FLIN	f
566040	CFA	FRENCH ISLAND	FRIS	f
566056	CFA	GLEN ALVIE	GLEN	f
566840	CFA	HALLAM	HALL	f
566856	CFA	HAMPTON PARK	HAMP	f
566232	CFA	HEATH HILL - YANNATHAN	HEAT	f
566872	CFA	KEYSBOROUGH	KEYS	f
566248	CFA	KOO WEE RUP	KOOW	f
566264	CFA	LANG LANG	LANG	f
567048	CFA	LANGWARRIN	LANW	f
566440	CFA	MARYKNOLL & DISTRICT	MARY	f
567080	CFA	MORNINGTON	MORN	f
566888	CFA	MT ELIZA	MTEL	f
566664	CFA	MT MARTHA	MTMA	f
566456	CFA	NAR NAR GOON	NARN	f
566488	CFA	NARRE WARREN NORTH	NNTH	f
566904	CFA	NOBLE PARK	NOBL	f
566536	CFA	PAKENHAM UPPER	PAKU	f
566280	CFA	PEARCEDALE	PEAR	f
566680	CFA	ROSEBUD	ROSE	f
566696	CFA	RYE	RYEA	f
566120	CFA	SAN REMO	SEMO	f
566920	CFA	SKYE	SKYE	f
567128	CFA	SOMERS	SOME	f
567144	CFA	SOMERVILLE	SOVL	f
566936	CFA	SPRINGVALE	SVAL	f
566552	CFA	TOOMUC	TOOM	f
567160	CFA	TYABB	TYAB	f
566568	CFA	TYNONG	TYNO	f
566136	CFA	WONTHAGGI	WOGI	f
567440	CFA	ALLAMBEE	ALLA	f
567456	CFA	BERRY'S CREEK	BCRK	f
567888	CFA	DROUIN WEST	DWST	f
567472	CFA	DUMBALK	DUMB	f
567552	CFA	ERICA & DISTRICT	ERIC	f
567760	CFA	FOSTER	FOST	f
567488	CFA	HALLSTON-MT ECCLES	HMTE	f
567776	CFA	HEDLEY	HEDL	f
567216	CFA	INVERLOCH	INVL	f
567248	CFA	KOONWARRA	KWAR	f
567264	CFA	KORUMBURRA	KORU	f
567280	CFA	LEONGATHA	LEON	f
567296	CFA	LEONGATHA SOUTH	LSTH	f
567312	CFA	LOCH	LOCH	f
567328	CFA	MEENIYAN & STONY CREEK	MEEN	f
567504	CFA	MILFORD	MILF	f
567520	CFA	MIRBOO NORTH	MNTH	f
567568	CFA	MOE	MOEE	f
567952	CFA	NEERIM SOUTH	NSTH	f
567344	CFA	NERRENA	NERR	f
567600	CFA	NEWBOROUGH	NEWB	f
567968	CFA	NILMA NORTH	NITH	f
567984	CFA	NOOJEE	NOOJ	f
567376	CFA	POUND CREEK	PCRK	f
567616	CFA	TANJIL	TANJ	f
567632	CFA	THORPDALE	THDL	f
568016	CFA	TRIDA	TRID	f
568032	CFA	WARRAGUL	WARA	f
567808	CFA	WELSHPOOL	WELS	f
567680	CFA	WILLOWGROVE	WGRO	f
567696	CFA	YALLOURN NORTH	YALN	f
567824	CFA	YANAKIE	YKIE	f
568264	CFA	BOISDALE	BOIS	f
568392	CFA	BOOLARRA	BOOL	f
568280	CFA	BRIAGOLONG	BRIA	f
568856	CFA	CALLIGNEE	CNEE	f
569048	CFA	CARRAJUNG	CJNG	f
568408	CFA	CHURCHILL	CHUR	f
568744	CFA	CLYDEBANK	CBNK	f
568296	CFA	COONGULLA	COON	f
568088	CFA	COWWARR	COWW	f
568424	CFA	DRIFFIELD	DRIF	f
568104	CFA	GLENGARRY	GGRY	f
568120	CFA	GLENGARRY EAST	GGET	f
568136	CFA	GLENGARRY WEST	GGWE	f
568680	CFA	SEASPRAY	SEAS	f
568984	CFA	WILLUNG SOUTH	WSTH	f
569744	CFA	BUMBERRAH	BUMB	f
569328	CFA	HILLSIDE	HILL	f
569664	CFA	ORBOST	ORBO	f
570216	CFA	MT CAMEL	MCAM	f
570784	CFA	MENZIES CREEK	MENZ	f
571280	CFA	PANTON HILL	PANT	f
565120	CFA	BARRABOOL	BARR	f
565648	CFA	BARUNAH PLAINS NORTH	BARU	f
565248	CFA	BARWON HEADS	BARW	f
565792	CFA	BIRREGURRA	BIRR	f
571264	CFA	NORTH WARRANDYTE	WANT	f
568632	CFA	GOLDEN BEACH	GBCH	f
568440	CFA	HAZELWOOD NORTH	HWOD	f
568168	CFA	HEYFIELD	HEYF	f
569080	CFA	JACK RIVER	JACK	f
568184	CFA	LICOLA	LICO	f
568648	CFA	LOCH SPORT	LSPT	f
568664	CFA	LONGFORD	LFRD	f
568312	CFA	MAFFRA	MAFF	f
568888	CFA	MARYVALE	MVAL	f
568776	CFA	MEERLIEU	MEER	f
568456	CFA	MIRBOO EAST	MEST	f
568472	CFA	MORWELL	MORW	f
568792	CFA	MUNRO	MNRO	f
568552	CFA	NAMBROK	NAMB	f
568328	CFA	NEWRY	NEWR	f
568808	CFA	PERRY BRIDGE	PBRG	f
569096	CFA	PORT ALBERT	PRTA	f
568568	CFA	ROSEDALE	ROSR	f
568200	CFA	SEATON	SEAT	f
568696	CFA	STRADBROKE	STRD	f
568344	CFA	TINAMBA	TINA	f
568216	CFA	TOONGABBIE	TBIE	f
568904	CFA	TRARALGON	TRAR	f
568920	CFA	TRARALGON EAST	TRAE	f
568936	CFA	TRARALGON SOUTH	TRAS	f
568952	CFA	TRARALGON WEST	TRAW	f
568968	CFA	TYERS	TYER	f
568360	CFA	VALENCIA CREEK	VALE	f
568712	CFA	WILLUNG	WLNG	f
568232	CFA	WINNINDOO	WDOO	f
569112	CFA	WON WRON	WONW	f
569128	CFA	WOODSIDE	WSDE	f
569144	CFA	WORANGA	WAGA	f
568584	CFA	WURRUK	WRUK	f
569248	CFA	BAIRNSDALE	BDAL	f
569584	CFA	BEMM	BEMM	f
569504	CFA	BENAMBRA	BBRA	f
569408	CFA	BENDOC	BDOC	f
569264	CFA	BENGWORDEN	BWDN	f
569424	CFA	BONANG	BONG	f
569712	CFA	BRUTHEN	BRUT	f
569728	CFA	BUCHAN	BUCH	f
569600	CFA	CANN VALLEY	CVAL	f
569520	CFA	ENSAY	ENSA	f
569280	CFA	FERNBANK	FBNK	f
569296	CFA	FLAGGY CREEK	FLAG	f
569760	CFA	GELANTIPY	GELA	f
569312	CFA	GLENALADALE	GLDA	f
569440	CFA	GOONGERAH	GOON	f
569776	CFA	KALIMNA WEST	KALW	f
569792	CFA	LAKES ENTRANCE	LENT	f
569344	CFA	LINDENOW SOUTH	LIND	f
569616	CFA	MALLACOOTA	MALL	f
569632	CFA	MARLO	MARL	f
569808	CFA	METUNG	METU	f
569824	CFA	MOSSI - TAMBO	MTAM	f
569360	CFA	MOUNT TAYLOR	MTAY	f
569648	CFA	NEWMERELLA	NEWM	f
569536	CFA	OMEO	OMEO	f
569840	CFA	SARSFIELD	SARS	f
569552	CFA	SWIFT'S CREEK	SWCR	f
569856	CFA	TOORLOO	TLOO	f
569680	CFA	WAIREWA	WAIR	f
569928	CFA	ACHERON	ACHE	f
569944	CFA	ALEXANDRA	ADRA	f
570296	CFA	AVENEL	AVEN	f
570312	CFA	BROADFORD	BRFD	f
570328	CFA	CLONBINANE	CLON	f
570120	CFA	COSTERFIELD	CFLD	f
569976	CFA	EILDON	EILD	f
570136	CFA	GLENAROUA	GRUA	f
570504	CFA	GLENBURN	GLBU	f
570152	CFA	HEATHCOTE	HCOU	f
570344	CFA	HILLDENE	HILD	f
570184	CFA	KNOWSLEY	KNOW	f
569992	CFA	KORIELLA	KORI	f
570008	CFA	MARYSVILLE	MVIL	f
570200	CFA	MIA MIA	MIAM	f
570568	CFA	MURRINDINDI & WOODBOURNE	MUWD	f
570024	CFA	NARBETHONG	NARB	f
570232	CFA	NULLA VALE	NULA	f
570360	CFA	SEYMOUR	SEYM	f
570040	CFA	TAGGERTY	TAGG	f
570376	CFA	TALLAROOK	TALA	f
570056	CFA	THORNTON	THRN	f
570408	CFA	TRAWOOL	TWOL	f
570424	CFA	UPTON HILL	UPTO	f
570440	CFA	WANDONG	WANG	f
570072	CFA	WHANREGARWEN	WHAN	f
570088	CFA	YARCK	YARK	f
570616	CFA	YEA & LIMESTONE	YLIM	f
570752	CFA	KALORAMA & MT DANDENONG	KALO	f
570912	CFA	LAUNCHING PLACE	LAUN	f
570768	CFA	MACCLESFIELD	MACC	f
570928	CFA	MONBULK	MONB	f
570800	CFA	NARRE WARREN EAST	NAWE	f
571440	CFA	TOOLANGI	TOLA	f
571632	CFA	WARBURTON	WARB	f
571648	CFA	WESBURN-MILLGROVE	WBRN	f
571536	CFA	WONGA PARK	WONG	f
572424	CFA	ARTHURS CREEK	ARTH	f
571848	CFA	BULLA	BULL	f
571928	CFA	SUNBURY	SNBY	f
573248	CFA	BALLARAT CITY	BRAT	f
572960	CFA	BUNGAREE	BREE	f
573072	CFA	CAMPBELLTOWN	CTWN	f
573472	CFA	HADDON	HADD	f
572720	CFA	MT EGERTON	MEGE	f
574040	CFA	MOYSTON	MOYS	f
572008	CFA	CAROLINE SPRINGS	CARO	f
573456	CFA	CAPE CLEAR	CAPE	f
573600	CFA	CARLSRUHE	CARL	f
568616	CFA	GIFFARD WEST	GIFF	f
568152	CFA	GLENMAGGIE	GMAG	f
571200	CFA	HURSTBRIDGE	HURS	f
569064	CFA	DEVON NORTH	DENT	f
568872	CFA	FLYNN	FLNN	f
571216	CFA	KANGAROO GROUND	KANG	f
571600	CFA	HODDLE'S CREEK	HODD	f
571504	CFA	MOOROOLBARK	MBRK	f
571616	CFA	REEFTON	REEF	f
570992	CFA	WOORI YALLOCK	WORR	f
571552	CFA	YARRA GLEN	YAGL	f
571736	CFA	BACCHUS MARSH	BMSH	f
571752	CFA	BALLIANG & DISTRICT	BALL	f
572168	CFA	BULLENGAROOK	BULE	f
572328	CFA	CLARKEFIELD & DISTRICT	CLAR	f
571768	CFA	COIMADAI	COIM	f
571864	CFA	CRAIGIEBURN	CBRN	f
572440	CFA	DIAMOND CREEK	DIAM	f
572024	CFA	DIGGERS REST	DIGG	f
572456	CFA	DOREEN	DORE	f
572184	CFA	GISBORNE	GBRN	f
571896	CFA	GREENVALE	GREE	f
572200	CFA	HESKET-KERRIE	HESK	f
571912	CFA	KAL KALLO	KAKA	f
572216	CFA	MACEDON	MACE	f
572072	CFA	MELTON	MTON	f
572472	CFA	MERNDA	MERN	f
571784	CFA	MYRNIONG	MYRN	f
572248	CFA	NEWHAM	NEWH	f
571800	CFA	PARWAN	PARW	f
572552	CFA	POINT COOK	PTCO	f
572264	CFA	RIDDELL'S CREEK	RIDD	f
572088	CFA	ROCKBANK	ROCK	f
572376	CFA	ROMSEY	ROMS	f
571816	CFA	ROWSLEY	ROWS	f
572504	CFA	SOUTH MORANG	STHM	f
572104	CFA	TOOLERN VALE	TOOL	f
572120	CFA	TRUGANINA	TRUG	f
571944	CFA	WALLAN	WALL	f
571960	CFA	WILDWOOD	WILD	f
571976	CFA	WOLLERT & DISTRICT	WOLL	f
572536	CFA	YARRAMBAT	YARR	f
572784	CFA	ASCOT & DISTRICT	ASCO	f
572608	CFA	BALLAN	BALA	f
573584	CFA	BENLOCH	BENL	f
572624	CFA	BLACKWOOD	BLAC	f
573808	CFA	BOWENVALE	BOWE	f
572800	CFA	BURRUMBEET	BURR	f
572816	CFA	CARDIGAN & WINDERMERE	CWIN	f
573824	CFA	CARISBROOK	CBRK	f
573088	CFA	CRESWICK	CWIC	f
573744	CFA	FRYERSTOWN	FRYE	f
573104	CFA	GLEN PARK	GLPK	f
572848	CFA	GLENDARUEL & MT BECKWORTH	GMTB	f
573360	CFA	GLENLYON	GLYN	f
572656	CFA	GORDON	GORD	f
573760	CFA	GUILDFORD	GUIL	f
572992	CFA	HARDIES HILL	HARD	f
573376	CFA	HEPBURN	HBRN	f
572880	CFA	INVERMAY	IMAY	f
573120	CFA	KINGSTON	KSTN	f
573136	CFA	KOOROOCHEANG WERONA	KONA	f
573616	CFA	KYNETON	KYNE	f
573392	CFA	LEONARDS HILL & DISTRICT	LHIL	f
573488	CFA	LINTON	LINT	f
573632	CFA	MALMSBURY	MALM	f
573504	CFA	MANNIBADAR	MDAR	f
572688	CFA	MILLBROOK	MBOK	f
572912	CFA	MINERS REST	MRST	f
573152	CFA	MOLLONGGHIP	MOLL	f
572704	CFA	MORRISONS & DISTRICT	MORR	f
573008	CFA	MT BUNINYONG	MTBU	f
573872	CFA	MT CAMERON	MCRM	f
572736	CFA	MT WALLACE	MTWA	f
573024	CFA	MT WARRENHEIP	MWAR	f
573408	CFA	MUSK	MUSK	f
573168	CFA	NEWLYN DEAN	NEWL	f
573776	CFA	NEWSTEAD & DISTRICT	NDST	f
573648	CFA	PASTORIA	PAST	f
573520	CFA	ROKEWOOD JUNCTION & DIST	ROJU	f
573280	CFA	SEBASTOPOL	SEBA	f
573184	CFA	SMEATON	SMET	f
573536	CFA	SMYTHESDALE	SMYT	f
573664	CFA	SPRING HILL	SPRH	f
573888	CFA	TALBOT	TALB	f
573696	CFA	TYLDEN	TYLD	f
573200	CFA	ULLINA	ULLI	f
573552	CFA	WALLINDUC & DISTRICT	WDUC	f
573904	CFA	WAREEK & BUNG BONG	WBBG	f
572928	CFA	WAUBRA	WBRA	f
573976	CFA	ARARAT	ARAU	f
574104	CFA	BEAUFORT	BEAF	f
574120	CFA	BREWSTER	BREW	f
574136	CFA	CROSS ROADS	CRRO	f
574616	CFA	DUNDONNELL	DUND	f
574312	CFA	ELMHURST	ELMU	f
574456	CFA	GLENORCHY & RIACHELLA	GLRI	f
574008	CFA	GREAT WESTERN	GRRN	f
574472	CFA	HALLS GAP	HGAP	f
574632	CFA	LAKE BOLAC	LBOL	f
574328	CFA	LANDSBOROUGH	LAND	f
574168	CFA	LANGI KAL KAL	LKKL	f
574024	CFA	LANGI LOGAN	LLOG	f
574504	CFA	MARNOO	MARN	f
574648	CFA	MAROONA	MARO	f
574664	CFA	MININERA	MINN	f
574360	CFA	NAVARRE	NAVA	f
574696	CFA	NERRIN NERRIN	NENE	f
574056	CFA	POMONAL	POMO	f
574712	CFA	PURA PURA	PURA	f
572976	CFA	ELAINE	ELAI	f
572040	CFA	HOPPERS CROSSING	HOPP	f
574072	CFA	WARRAK	WRAK	f
571328	CFA	ST ANDREWS	STAN	f
571408	CFA	DIXONS CREEK	DIXO	f
570896	CFA	GRUYERE	GRUY	f
571424	CFA	HEALESVILLE	HVIL	f
571344	CFA	WARRANDYTE	WARR	f
571360	CFA	WATTLE GLEN	WATT	f
574296	CFA	CROWLANDS	CROW	f
574184	CFA	RAGLAN	RAGL	f
574728	CFA	SKIPTON	SKIP	f
574200	CFA	SNAKE VALLEY & DISTRICT	SNAK	f
574520	CFA	STAWELL	SWEU	f
574744	CFA	STONELEIGH	SLEE	f
574776	CFA	TATYOON	TATY	f
574536	CFA	WALLALOO EAST	WLOO	f
574392	CFA	WARRENMANG & DISTRICT	WARD	f
574792	CFA	WESTMERE	WMER	f
574824	CFA	WILLAURA	WURR	f
574840	CFA	WOORNDOO	WNDO	f
574856	CFA	YALLA Y POORA	YAPO	f
575120	CFA	ANTWERP	ANTW	f
576240	CFA	AREEGRA	AREE	f
576256	CFA	BANGERANG	BANG	f
574944	CFA	BENAYEO	BYEO	f
576288	CFA	BRIM	BRIM	f
575456	CFA	BRIMPAEN	BPEN	f
574960	CFA	BRINGALBERT SOUTH	BSTH	f
575904	CFA	BROUGHTON	BROU	f
575232	CFA	CHARAM	CHAR	f
575632	CFA	CLEAR LAKE	CLLK	f
575648	CFA	CONNEWIRRICOO	CCOO	f
576320	CFA	CRYMELON	CRYM	f
575136	CFA	DETPA & LAKE HINDMARSH	DETP	f
575920	CFA	DIAPUR	DAIP	f
575760	CFA	DINYARRAK	DINY	f
575536	CFA	DOOEN	DOOE	f
575664	CFA	DOUGLAS	DOUG	f
575248	CFA	EDENHOPE	EHPE	f
575328	CFA	GOROKE	GORO	f
576064	CFA	GRASS FLAT	GFLT	f
575344	CFA	GYMBOWEN	GYNB	f
575680	CFA	HARROW	HROW	f
575552	CFA	HORSHAM	HORS	f
575184	CFA	JEPARIT	JEPA	f
575264	CFA	KADNOOK	KADN	f
575776	CFA	KANIVA	KANI	f
576336	CFA	KELLALAC	KELL	f
576160	CFA	KENMARE	KENM	f
576352	CFA	LAH	LAHB	f
575488	CFA	LAHARUM	LAHA	f
575792	CFA	LAWLOIT	LAWL	f
575808	CFA	LEEOR	LEEO	f
575936	CFA	LORQUON	LORQ	f
575024	CFA	LUBECK	LUBE	f
575376	CFA	MINIMAY	MINI	f
575040	CFA	MINYIP	MINU	f
576080	CFA	MITRE	MITR	f
576100	CFA	NATIMUK	NATI	f
575952	CFA	NETHERBY	NEBY	f
575392	CFA	NEUARPURR	NEUA	f
576128	CFA	NORADJUHA	NORA	f
576368	CFA	NORTH WIMMERA	NWIM	f
575408	CFA	OZENKADNOOK	OZEN	f
575424	CFA	PERONNE	PERO	f
576176	CFA	PIGICK	PIGI	f
575584	CFA	PIMPINIO	PIMP	f
576192	CFA	RAINBOW	RAIU	f
575072	CFA	RICH AVON	RICH	f
575088	CFA	RUPANYUP	RUPR	f
575824	CFA	SANDSMERE	SMER	f
575840	CFA	SOUTH LILLIMUR	SLIL	f
575200	CFA	TARRANYURK	TARR	f
575712	CFA	TELANGATUK	TELA	f
575728	CFA	TOOLONDO	TLOD	f
575296	CFA	ULLSWATER	ULLS	f
575600	CFA	VECTIS	VECT	f
576208	CFA	WERRAP	WRAP	f
576000	CFA	WINIAM & DISTRICT	WINI	f
575504	CFA	WONWONDAH	WDAH	f
576016	CFA	WOORAK	WOOR	f
575872	CFA	YEARINGA - YARROCK	YEYA	f
576872	CFA	ANNUELLO	ANNU	f
576888	CFA	BOUNDARY BEND	BBND	f
577144	CFA	CARWARP	CWRP	f
576488	CFA	CHINKAPOOK	CHIN	f
576680	CFA	COWANGIE	COWA	f
577000	CFA	HOPETOUN	HOPU	f
577016	CFA	HOPETOUN WEST	HWES	f
576904	CFA	KOOLOONONG	KOOL	f
576520	CFA	LAKE BOGA	LBOG	f
576920	CFA	MANANGATANG	MANA	f
576728	CFA	MITTYACK	MYAK	f
576696	CFA	MURRAYVILLE	MUVU	f
576744	CFA	NANDALY	NAND	f
576552	CFA	NYAH & DISTRICT	NYAH	f
576568	CFA	NYAH WEST	NWST	f
576760	CFA	OUYEN	OUYU	f
576584	CFA	PIANGIL	PIAN	f
576936	CFA	ROBINVALE	ROBI	f
577064	CFA	ROSEBERY	RBRY	f
577080	CFA	SEA LAKE	SLKU	f
576776	CFA	SPEED	SPED	f
576792	CFA	TEMPY	TEMP	f
576808	CFA	TURRIFF	TURR	f
576616	CFA	ULTIMA	ULTI	f
576632	CFA	WAITCHIE	WAIT	f
576840	CFA	WALPEUP	WAUP	f
576952	CFA	WEMEN	WEME	f
576648	CFA	WOORINEN SOUTH	WNEN	f
577112	CFA	YAAPEET	YAAP	f
577792	CFA	APPIN SOUTH	APSH	f
577664	CFA	BARRAPORT	BPRT	f
577808	CFA	BEAUCHAMP	BEAU	f
578160	CFA	BERRIWILLOCK	BLCK	f
577312	CFA	BIRCHIP	BIRC	f
577680	CFA	BOORT	BORT	f
577408	CFA	BUCKRABANYULE	BYUL	f
577824	CFA	COHUNA	COHU	f
577520	CFA	COPE COPE	COPE	f
577536	CFA	CORACK	CRCK	f
579872	CFA	LURG	LURG	f
579888	CFA	MOLYULLAH	MOLY	f
574568	CFA	BORNES HILL	BORN	f
574280	CFA	BURNBANK	BUBK	f
574584	CFA	CARRANBALLAC	CLAC	f
574600	CFA	CHATSWORTH	CHAT	f
577240	CFA	RED CLIFFS	REDC	f
577256	CFA	WERRIMULL	WMUL	f
578176	CFA	CULGOA	CULG	f
577328	CFA	CURYO	CURY	f
577568	CFA	DONALD	DONA	f
577440	CFA	GLENLOTH EAST	GLET	f
577696	CFA	GREDGWIN	GWIN	f
577584	CFA	JEFFCOTT	JEFF	f
577840	CFA	KERANG	KERA	f
577856	CFA	KOONDROOK	KORK	f
578032	CFA	KOTTA	KOTT	f
577872	CFA	LAKE CHARM	LCHR	f
577888	CFA	LALBERT	LALB	f
578048	CFA	LEITCHVILLE	LVIL	f
577616	CFA	LITCHFIELD	LITC	f
577712	CFA	LODDON VALE	LODD	f
577904	CFA	MACORNA	MACO	f
577920	CFA	MEERING WEST	MWST	f
577936	CFA	MURRABIT	MURR	f
578224	CFA	NULLAWIL	NWIL	f
578080	CFA	PINE GROVE	PINE	f
577728	CFA	PYRAMID HILL	PYRU	f
577952	CFA	QUAMBATOOK	QUAM	f
578096	CFA	ROCHESTER	ROER	f
577456	CFA	TEDDYWADDY	TEDY	f
578112	CFA	TENNYSON	TENN	f
577360	CFA	WARMUR	WARM	f
577632	CFA	WATCHEM	WATC	f
577376	CFA	WATCHUPGA	WAGU	f
578240	CFA	WYCHEPROOF	WYCH	f
578256	CFA	WYCHEPROOF SOUTH	WYSH	f
577744	CFA	YANDO	YAND	f
577760	CFA	YARRAWALLA	YWAL	f
579384	CFA	ALMONDS	ALMO	f
578712	CFA	ARCADIA	ARCA	f
578728	CFA	BAILIESTON	BAIL	f
579544	CFA	BALMATTUM	BALM	f
579560	CFA	BOHO	BOHO	f
578456	CFA	BRANJEE	BRAN	f
579400	CFA	COBRAM	COBR	f
579640	CFA	COLBINABBIN	CBIN	f
579096	CFA	COOMA	COOM	f
579656	CFA	COROP	CORP	f
579672	CFA	COROP WEST	COWT	f
578472	CFA	CREIGHTONS CREEK	CCRK	f
579240	CFA	CURRAWA	CURR	f
578744	CFA	WAHRING	WAHR	f
579256	CFA	DOOKIE	DOOK	f
579576	CFA	EARLSTON	EARL	f
578328	CFA	ECHUCA	ECHU	f
578488	CFA	EUROA	EURO	f
578344	CFA	GIRGARRE	GIRG	f
578952	CFA	KAARIMBA	KAAR	f
579272	CFA	KARRAMOMUS	KARR	f
579432	CFA	KATAMATITE	KATA	f
579448	CFA	KATANDRA	KDRA	f
578520	CFA	KELVIN VIEW	KELV	f
579288	CFA	KIALLA & DISTRICT	KIAL	f
579592	CFA	KOONDA	KOON	f
578360	CFA	KYABRAM	KYAB	f
578536	CFA	LOCKSLEY	LLEY	f
578552	CFA	LONGWOOD	LOWD	f
579112	CFA	MERRIGUM	MGUM	f
578584	CFA	MIEPOLL	MIEP	f
578600	CFA	MOLKA	MOLK	f
578760	CFA	MOORILIM	MLIM	f
579464	CFA	MUCKATAH	MUCK	f
578776	CFA	MURCHISON	MURC	f
578792	CFA	NAGAMBIE	NAGU	f
578984	CFA	NARING	NRNG	f
579000	CFA	NUMURKAH	NKAH	f
579128	CFA	NW MOOROOPNA	NWMO	f
578888	CFA	PICOLA	PICO	f
578632	CFA	RUFFY	RUFF	f
579688	CFA	RUSHWORTH	RUSH	f
578648	CFA	SHEAN'S CREEK	SHEK	f
579320	CFA	SHEPPARTON	SHEP	f
579480	CFA	ST JAMES & DISTRICT	SJAM	f
579704	CFA	STANHOPE	STPE	f
578664	CFA	STRATHBOGIE	SBOG	f
579016	CFA	STRATHMERTON	STRN	f
579352	CFA	TALLYGAROOPNA	TGNA	f
578680	CFA	TERIP TERIP	TRIP	f
578376	CFA	TIMMERING	TIMM	f
578392	CFA	TONGALA	TGAL	f
579720	CFA	TOOLLEEN	TLEN	f
579496	CFA	TUNGAMAH	TUNG	f
579176	CFA	UNDERA	UNDE	f
579032	CFA	WAAIA	WAAI	f
578808	CFA	WIRRATE	WIRR	f
579048	CFA	WUNGHNU	WHNU	f
578408	CFA	WYUNA	WYUN	f
578904	CFA	YALCA & YIELIMA	YALC	f
578424	CFA	YAMBUNA	YBUN	f
579064	CFA	YARROWEYAH	YYAH	f
580112	CFA	BARJARG	BARJ	f
579792	CFA	BENALLA	BENU	f
580016	CFA	BOWEYA	BOYA	f
580048	CFA	DEVENISH	DEVE	f
579824	CFA	GOOMALIBEE & UPOTIPOTPON	GOUP	f
579840	CFA	GOORAMBAT	GRAT	f
579856	CFA	LIMA SOUTH	LIMA	f
580208	CFA	MAINDAMPLE	MPLE	f
580368	CFA	MILAWA	MILW	f
580400	CFA	MYRRHEE	MYRH	f
580720	CFA	OXLEY FLATS	OXFT	f
580528	CFA	RUTHERGLEN	RUTR	f
579920	CFA	SWANPOOL	SPOL	f
579936	CFA	TATONG	TATO	f
579968	CFA	WHITEGATE	WGAT	f
580416	CFA	WHITFIELD & DISTRICT	WDIS	f
580880	CFA	WILBY	WILB	f
579984	CFA	WINTON	WINT	f
580896	CFA	YARRAWONGA	YWOU	f
581128	CFA	ALLANS FLAT	AFLT	f
577160	CFA	IRYMPLE	IRYM	f
577176	CFA	MERBEIN	MERB	f
577192	CFA	MERINGUR	MERI	f
577208	CFA	MILDURA	MILD	f
566344	CFA	BEACONSFIELD	BEAC	f
566376	CFA	BERWICK	BERW	f
566760	CFA	CARRUM DOWNS	CADW	f
566296	CFA	TOORADIN	TOOR	f
570520	CFA	HIGHLANDS-CAVEAT	HLAN	f
570168	CFA	KILMORE	KILM	f
570552	CFA	MOLESWORTH	MOLE	f
570584	CFA	STRATH CREEK-REEDY CREEK	SCRC	f
570600	CFA	YEA	YEAA	f
571024	CFA	BAYSWATER	BAYS	f
570672	CFA	BELGRAVE	BELG	f
571040	CFA	BORONIA	BORO	f
570704	CFA	CLEMATIS	CLEM	f
570720	CFA	EMERALD	EMLD	f
571056	CFA	FERNTREE GULLY	FERN	f
570736	CFA	KALLISTA-THE PATCH	KALL	f
571488	CFA	LILYDALE	LDAL	f
571072	CFA	MONTROSE	MONT	f
570816	CFA	OLINDA	OLIN	f
570832	CFA	SASSAFRAS & FERNY CREEK	SASS	f
571104	CFA	SCORESBY	SCOR	f
570848	CFA	SELBY	SELB	f
570944	CFA	SEVILLE	SEVI	f
570960	CFA	SILVAN	SILV	f
571120	CFA	THE BASIN	THEB	f
571136	CFA	UPPER FERNTREE GULLY	UPPE	f
570864	CFA	UPWEY	UPWE	f
580304	CFA	BOBINAWARRAH	BOBI	f
580128	CFA	BONNIE DOON	BONN	f
580448	CFA	BOORHAMAN	BMAN	f
580592	CFA	BOWSER	BOWS	f
580464	CFA	BROWNS PLAINS	BPLN	f
580832	CFA	BUNDALONG	BUND	f
580848	CFA	BURRAMINE	BMIN	f
580320	CFA	CARBOOR	CBOR	f
580032	CFA	CHESNEY VALE	CHES	f
580496	CFA	CORNISHTOWN	CORT	f
580352	CFA	EDI	EDII	f
580608	CFA	ELDORADO	ELDO	f
580624	CFA	EVERTON	EVER	f
580640	CFA	GLENROWAN	GRWN	f
580160	CFA	GLENROY & MERRIJIG	GMER	f
580176	CFA	GOUGHS BAY - HOWES CREEK	GBAY	f
580656	CFA	GRETA	GRET	f
580192	CFA	JAMIESON	JAMI	f
580672	CFA	KILLAWARRA	KWRA	f
580688	CFA	LACEBY WEST	LACE	f
580224	CFA	MANSFIELD	MANU	f
580240	CFA	MERTON	MERT	f
580384	CFA	MOYHU	MOYH	f
580256	CFA	MT BULLER	MBUL	f
580512	CFA	NORONG	NORO	f
580864	CFA	PEECHELBA	PECH	f
580736	CFA	SOUTH WANGARATTA	SRAT	f
580544	CFA	SPRINGHURST	SHRT	f
580752	CFA	TAMINICK & NORTH WINTON	TANW	f
580080	CFA	THOONA	THNA	f
580272	CFA	TOLMIE & DISTRICT	TOLM	f
580560	CFA	WAHGUNYAH	WAHG	f
580784	CFA	WANGARATTA	WRAT	f
580800	CFA	WANGARATTA NORTH	WNTH	f
580912	CFA	WOODS POINT	WPNT	f
581832	CFA	BARANDUDA	BDUD	f
581544	CFA	BEECHWORTH	BECU	f
580968	CFA	BERRINGAMA	BGAM	f
581640	CFA	BETHANGA	BETH	f
580984	CFA	BIGGARA	BIGG	f
581304	CFA	BOWMAN-MURMUNGEE	BOWM	f
581320	CFA	BRIGHT	BRIG	f
581336	CFA	BUFFALO RIVER	BUFR	f
581000	CFA	BURROWYE	BWYE	f
581560	CFA	CHILTERN	CHIU	f
581016	CFA	CORRYONG	CONU	f
581032	CFA	CUDGEWA	CUWA	f
581144	CFA	DEDERANG	DEDE	f
581688	CFA	ESKDALE	ESKD	f
581160	CFA	FALLS CREEK	FCRK	f
581352	CFA	GAPSTED	GAPS	f
581176	CFA	GUNDOWRING	GUND	f
581368	CFA	HARRIETVILLE	HARV	f
581576	CFA	INDIGO VALLEY	INDI	f
581208	CFA	KIEWA	KIEW	f
581864	CFA	LENEVA	LEVA	f
581720	CFA	MITTA MITTA	MITT	f
581224	CFA	MT BEAUTY	MBTY	f
581400	CFA	MUDGEGONGA	MUDG	f
581416	CFA	MYRTLEFORD	MYRU	f
581048	CFA	NARIEL VALLEY	NARI	f
581736	CFA	NOORONGONG	NONG	f
581432	CFA	OVENS PLANTATION	OVEN	f
581448	CFA	OVENS-EUROBIN	OEUR	f
581464	CFA	POREPUNKAH	PORE	f
581480	CFA	ROSEWHITE	RWHT	f
581064	CFA	SHELLEY PLANTATION	SHPL	f
581592	CFA	STANLEY	SLEY	f
581768	CFA	TALGARNO	TALG	f
581784	CFA	TALLANGATTA	TALU	f
581800	CFA	TALLANGATTA VALLEY	TVLY	f
581256	CFA	TAWONGA	TAWO	f
581080	CFA	TINTALDRA	TINT	f
581096	CFA	WALWA	WALW	f
581880	CFA	WODONGA	WODO	f
581896	CFA	WODONGA WEST	WWST	f
581608	CFA	WOORAGEE	WGEE	f
571184	CFA	ELTHAM	EHAM	f
560624	CFA	INGLEWOOD	INGL	f
561296	CFA	KANGAROO FLAT	KFLT	f
560720	CFA	LOCKWOOD	LOCK	f
580768	CFA	TARRAWINGEE & DISTRICT	TADI	f
571168	CFA	CHRISTMAS HILLS	CHRI	f
571232	CFA	KINGLAKE DISTRICT	KING	f
571296	CFA	RESEARCH	RESE	f
560352	CFA	MURPHY'S CREEK	MCRK	f
560480	CFA	RAYWOOD	RAYW	f
561056	CFA	SLATY CREEK	SLAT	f
560912	CFA	SUTTON GRANGE & MYRTLE CK	SUTT	f
560768	CFA	WOODSTOCK WEST	WSTO	f
562488	CFA	AUSPINE TREE FARMS	AUSP	f
561352	CFA	BALMORAL	BRAL	f
562120	CFA	COLERAINE	COLE	f
561592	CFA	DUNROBIN & NANGEELA	DUNN	f
561768	CFA	GREEN TRIANGLE FOREST PRO	GRTR	f
562200	CFA	HILGAY SETTLERS	HILG	f
561640	CFA	MIDWAY - CASTERTON	MFIB	f
562024	CFA	MYAMYN	MYAM	f
562408	CFA	NAREEN	NARE	f
561416	CFA	NORTH BALMORAL	NTHB	f
562296	CFA	TAHARA	TAHA	f
561688	CFA	WANDO BRIDGE	WADO	f
562456	CFA	WANDO HEIGHTS	WHIG	f
562736	CFA	BAINBRIDGE	BAIN	f
562768	CFA	BULART	BLRT	f
563024	CFA	CARAMUT	CMUT	f
563504	CFA	FRAMLINGHAM	FRAM	f
562800	CFA	GRANGE	GRAN	f
562832	CFA	HENSLEY PARK	HENS	f
563680	CFA	KOLORA	KOLO	f
563824	CFA	LINLITHGOW	LGOW	f
562880	CFA	MOORALLA	MOLA	f
562896	CFA	NORTH HAMILTON	NHTN	f
563840	CFA	PENSHURST	PENS	f
563456	CFA	RIPPONHURST	RIPP	f
562928	CFA	TARRINGTON	TTON	f
562960	CFA	WARRAYURE-MOUTAJUP	WJUP	f
563920	CFA	WOODHOUSE	WHOU	f
562976	CFA	YULECART	YULE	f
565032	CFA	APOLLO BAY	APOL	f
564168	CFA	BOORCAN	BOOR	f
573328	CFA	DAYLESFORD	DAYL	f
564504	CFA	CARLISLE RIVER	CRIV	f
564520	CFA	COROROOKE	CRKE	f
564776	CFA	DERRINALLUM	DERR	f
564024	CFA	FORREST	FORE	f
564584	CFA	IRREWILLIPE	IRWI	f
564808	CFA	LESLIE MANOR	LESM	f
564840	CFA	MINGAY & DISTRICT	MDST	f
564952	CFA	PRINCETOWN	PRIN	f
564264	CFA	TERANG	TERA	f
564088	CFA	WEERING-EURACK	WEER	f
565408	CFA	AIREYS INLET	AIRE	f
565536	CFA	BELMONT	BELM	f
565264	CFA	DRYSDALE	DRYS	f
560416	CFA	CAMPBELLS FOREST	CFRT	f
565200	CFA	MEREDITH	MERE	f
565344	CFA	QUEENSCLIFF	QUEE	f
565728	CFA	TEESDALE	TEES	f
565488	CFA	TORQUAY	TRQY	f
565920	CFA	WURDALE	WURD	f
566168	CFA	BAYLES	BAYL	f
560880	CFA	METCALFE	MCAF	f
566216	CFA	DEVON MEADOWS	DEVO	f
566824	CFA	FRANKSTON	FTON	f
567032	CFA	HASTINGS	HSTG	f
566088	CFA	KILCUNDA	KILC	f
567064	CFA	MOOROODUC	MORO	f
566504	CFA	OFFICER	OFFI	f
566104	CFA	PHILLIP ISLAND	PISL	f
567112	CFA	SHOREHAM	SHOR	f
566712	CFA	SORRENTO	SNTO	f
566312	CFA	WARNEET - BLIND BIGHT	WARN	f
567872	CFA	DROUIN	DROU	f
567744	CFA	FISH CREEK & DISTRICT	FISH	f
567936	CFA	LONGWARRY & DISTRICT	LONG	f
567584	CFA	MOE SOUTH	MSTH	f
567360	CFA	POOWONG	POOW	f
567408	CFA	TARWIN LOWER DISTRICT	TARW	f
567648	CFA	TRAFALGAR	TRAU	f
567664	CFA	WESTBURY	WBRY	f
567712	CFA	YARRAGON	YGON	f
568488	CFA	YINNAR	YINN	f
569472	CFA	WILLMOTT FOREST	WILL	f
569960	CFA	BUXTON	BUXT	f
570488	CFA	FLOWERDALE	FLOW	f
570248	CFA	PYALONG	PYAL	f
570264	CFA	TOOBORAC	TOOB	f
571392	CFA	BADGER CREEK	BADG	f
571520	CFA	MT EVELYN	MTEV	f
571664	CFA	YARRA JUNCTION	YAJU	f
572312	CFA	BOLINDA & MONEGETTA	BOLI	f
572344	CFA	DARRAWEIT GUIM	DARR	f
571880	CFA	EPPING	EPPI	f
572232	CFA	MOUNT MACEDON	MTMC	f
572488	CFA	PLENTY	PLEN	f
572392	CFA	SPRINGFIELD	SFLD	f
572136	CFA	WERRIBEE	WBEE	f
572520	CFA	WHITTLESEA	WHIT	f
573232	CFA	BALLARAT	BARA	f
573264	CFA	BUNINYONG	BUNI	f
572832	CFA	CLUNES	CLUN	f
573344	CFA	FRANKLINFORD	FFRD	f
572672	CFA	GREENDALE	GRED	f
572864	CFA	HANCOCK BALLARAT	HANB	f
572896	CFA	LEARMONTH-ADDINGTON	LEAR	f
573840	CFA	MARYBOROUGH	MAGH	f
573040	CFA	NAPOLEONS-ENFIELD	NAPO	f
573424	CFA	PORCUPINE RIDGE	PORC	f
573680	CFA	TRENTHAM	TREN	f
572752	CFA	WALLACE	WALA	f
579512	CFA	YABBA NORTH	YABN	f
579776	CFA	BADDAGINNIE	BADD	f
580144	CFA	BOOROOLITE & DISTRICT	BDIS	f
560320	CFA	BEALIBA	BEAL	f
560528	CFA	ELMORE	ELMO	f
565280	CFA	LEOPOLD	LEOP	f
566024	CFA	DALYSTON	DALY	f
569032	CFA	BINGINWARRI	BING	f
576400	CFA	WARRACKNABEAL	WBEL	f
576416	CFA	WILKUR SOUTH	WILK	f
576032	CFA	YANAC	YANA	f
576984	CFA	BEULAH	BEUL	f
576504	CFA	GOSCHEN	GOSC	f
577032	CFA	LASCELLES	LASC	f
577224	CFA	NANGILOC	NANG	f
577600	CFA	LAEN EAST	LAEN	f
578064	CFA	LOCKINGTON	LTON	f
578208	CFA	NARRAPORT	NPRT	f
577344	CFA	REEDY DAM	REED	f
577968	CFA	SANDHILL LAKE & DISTRICT	SHIL	f
578128	CFA	TORRUMBARRY	TBRY	f
577472	CFA	WOOROONOOK	WNOK	f
578872	CFA	NATHALIA	NATH	f
578616	CFA	RIGG'S CREEK	RIGG	f
579336	CFA	SHEPPARTON EAST	SEST	f
579144	CFA	TATURA	TATU	f
579160	CFA	TOOLAMBA	TOBA	f
579608	CFA	VIOLET TOWN	VTWN	f
580480	CFA	CARLYLE	CYLE	f
579808	CFA	DELATITE PLANTATION	DELA	f
581384	CFA	MT HOTHAM - DINNER PLAIN	MHDP	f
581752	CFA	OLD TALLANGATTA	TALR	f
581240	CFA	SANDY CREEK & CHARLEROI	SCRK	f
581496	CFA	WHOROULY	WHOR	f
581272	CFA	YACKANDANDAH	YACR	f
560704	CFA	BARINGHUP WEST	BARI	f
563248	CFA	NIRRANDA SOUTH	NIRR	f
565088	CFA	ANAKIE	ANAK	f
565776	CFA	BARWON DOWNS	BARD	f
566392	CFA	BUNYIP	BUNY	f
567232	CFA	KONGWAK & DISTRICT	KONG	f
570456	CFA	WHITEHEADS CREEK-TARCOMBE	WCTM	f
573856	CFA	MOOLORT & JOYCES CREEK	MOOL	f
573296	CFA	WENDOUREE	WENO	f
574232	CFA	AMPHITHEATRE	AMPH	f
574264	CFA	BARKLY & FRENCHMAN'S	BARK	f
573992	CFA	BUANGOR & MIDDLE CREEK	BMCK	f
574440	CFA	DADSWELLS BRIDGE	DADS	f
574488	CFA	JOEL JOEL	JOEL	f
574152	CFA	LAKE GOLDSMITH-STOCKYARD	LGLD	f
574344	CFA	LEXTON	LEXT	f
574680	CFA	NARRAPUMELAP SOUTH	NPUM	f
574928	CFA	APSLEY	APSL	f
574376	CFA	REDBANK	REDB	f
574760	CFA	STREATHAM	SHAM	f
574808	CFA	WICKLIFFE	WICK	f
576272	CFA	BOOLITE	BLTE	f
576304	CFA	CANNUM	CNUM	f
575008	CFA	COROMBY	CMBY	f
575152	CFA	DIMBOOLA	DIMB	f
575168	CFA	GERANG	GERA	f
575472	CFA	GREEN LAKE	GLAK	f
575568	CFA	JUNG	JUNG	f
575360	CFA	KARNAK	KARN	f
574976	CFA	LANGKOOP	LKOP	f
575696	CFA	MIGA LAKE	MIGA	f
575056	CFA	MURTOA	MTOU	f
575968	CFA	NHILL	NHIL	f
575280	CFA	PATYAH	PATY	f
575984	CFA	PROPODOLLAH	PROP	f
576384	CFA	SHEEP HILLS	SHLS	f
575856	CFA	TELOPEA DOWNS	TELO	f
576536	CFA	NATYA	NATY	f
577048	CFA	PATCHEWOLLOCK	PATC	f
576600	CFA	SWAN HILL	SWAU	f
576824	CFA	UNDERBOOL	UNBL	f
577096	CFA	WOOMELANG	WOOM	f
578000	CFA	BAMAWM EXTENSION	BEXT	f
577424	CFA	CHARLTON	CTON	f
577552	CFA	CORACK EAST	CEST	f
578192	CFA	DUMOSA	DUMO	f
578016	CFA	GUNBOWER	GUNB	f
577488	CFA	YEUNGROON	YRON	f
578840	CFA	BARMAH	BARM	f
579416	CFA	COBRAM EAST & BOOSEY	BOOS	f
579224	CFA	COSGROVE & PINE LODGE	COSG	f
578936	CFA	DRUMANURE	DRUM	f
578504	CFA	GOORAM	GRAM	f
578968	CFA	KATUNGA	KATU	f
578856	CFA	KOTUPNA	KOTU	f
578568	CFA	MARRAWEENY	MARR	f
579304	CFA	MOOROOPNA	MPNA	f
580704	CFA	OXLEY	OXLE	f
579904	CFA	SAMARIA	SAMA	f
579952	CFA	WARRENBAYNE	WBYN	f
581528	CFA	BARNAWARTHA	BAWA	f
581848	CFA	BONEGILLA	BONA	f
581656	CFA	BULLIOH	BIOH	f
581672	CFA	DARTMOUTH	DMTH	f
581704	CFA	GRANYA	GYRA	f
581192	CFA	KERGUNYAH	KERG	f
572280	CFA	WOODEND	WOOD	f
571088	CFA	ROWVILLE	ROWV	f
571584	CFA	Little Yarra	LTYA	f
568000	CFA	HALLORA	HALO	f
572360	CFA	LANCEFIELD	LANC	f
572640	CFA	Fiskfille	FISK	f
576112	CFA	NATIMUK & DISTRICT	NADI	f
1548248	CFA	HILLCREST	HILC	f
1845328	CFA	Chirnside Park	CHIR	f
571680	CFA	YELLINGBO	YELL	f
570976	CFA	WANDIN	WAND	f
1845712	CFA	Rowville EMR	EROWV	f
1845680	CFA	Patterson River EMR	EPATR	f
1845720	CFA	Caroline Springs EMR	ECARO	f
1845616	CFA	Boronia EMR	EBORO	f
1368504	CFA	Hallam EMR	EHALL	f
1845600	CFA	Sunbury EMR	ESNBY	f
1845656	CFA	Hoppers Crossing EMR	EHOPP	f
1368520	CFA	Dandenong EMR	EDAND	f
1845568	CFA	Rosebud EMR	EROSE	f
1845544	CFA	Traralgon EMR	ETRAR	f
241265	SES	BALLARAT	BALT	f
241561	SES	BRIGHT	BRGT	f
242457	SES	COBDEN	CBDN	f
241609	SES	CORRYONG	CORR	f
242017	SES	ECHUCA	ECHA	f
240305	SES	EMERALD	EMER	f
240873	SES	ERICA	ERCA	f
241625	SES	EUROA	EURA	f
242537	SES	GEELONG	GEEL	f
242081	SES	KYABRAM	KYBM	f
240449	SES	LILYDALE	LILY	f
240953	SES	MAFFRA	MFRA	f
241689	SES	MANSFIELD	MANS	f
241705	SES	MARYSVILLE	MVLE	f
240985	SES	MOE	MOEU	f
241001	SES	MORWELL	MWEL	f
240513	SES	NARRE WARREN	NAWA	f
241769	SES	NUMURKAH	NUMU	f
242633	SES	OTWAY	OTWA	f
242665	SES	PORT FAIRY	PTFA	f
242681	SES	PORTLAND	PLAD	f
242697	SES	SOUTH BARWON	STHB	f
241409	SES	STAWELL	STAW	f
242225	SES	SWAN HILL	SWAN	f
241833	SES	TATURA	TATR	f
241849	SES	WANGARATTA	WGRT	f
241129	SES	WARRAGUL	WGUL	f
240657	SES	UPPER YARRA	UPYA	f
240401	SES	HEALESVILLE	HEAL	f
241969	SES	BENDIGO	BENO	f
241033	SES	PHILIP ISLAND	PHIL	f
240257	SES	MAROONDAH	MDAH	f
240353	SES	FRANKSTON	FRAN	f
241233	SES	ARARAT	ARAT	f
241985	SES	CASTLEMAINE	CASE	f
240545	SES	WHITEHORSE	WHSE	f
240593	SES	SORRENTO	SORR	f
240337	SES	FOOTSCRAY	FOOT	f
240921	SES	LEONGATHA	LEOG	f
241513	SES	ALEXANDRA	ALEX	f
242289	SES	WOOD END	WOEN	f
240209	SES	FAWKNER	FAWK	f
242033	SES	GISBORNE	GISB	f
241641	SES	FALLS CREEK	FALL	f
240417	SES	BRIMBANK	BRBK	f
240673	SES	MONASH	MNSH	f
240609	SES	GREATER DANDENONG	GRDA	f
241097	SES	STRATFORD	STRA	f
241113	SES	TAMBO VALLEY	TAMB	f
240825	SES	BUCHAN	BUCN	f
242049	SES	HEATHCOTE	HEAE	f
242065	SES	KERANG	KRNG	f
241801	SES	SEYMOUR	SYMR	f
241673	SES	KINGLAKE	KNKE	f
241529	SES	BEECHWORTH	BEEC	f
240289	SES	NILLUMBIK	NBIK	f
240273	SES	MANNINGHAM	MHAM	f
240321	SES	ESSENDON	ESSE	f
242425	SES	BELLARINE	BELL	f
240689	SES	WYNDHAM	WYND	f
241657	SES	KILMORE	KMRE	f
240641	SES	SUNBURY	SUNB	f
240497	SES	MOORABBIN	MOOR	f
240433	SES	KNOX	KNOX	f
242809	SES	BARWON SOUTH WEST	BSWU	f
242601	SES	LORNE	LORN	f
240889	SES	FOSTER	FOSR	f
242209	SES	RUSHWORTH	RWTH	f
240193	SES	HOBSONS BAY	HOBS	f
1657281	SES	WHITTLESEA	WTLS	f
1838033	SES	SHEPPARTON SAR	SSARS	f
242553	SES	HAMILTON	HTON	f
240561	SES	GLEN ERIA	GLEI	f
242441	SES	CAMPERDOWN	CMPD	f
560000	CFA	CFA_ALL	\N	f
569888	CFA	D12 ALL	\N	f
573936	CFA	D16 ALL	\N	f
1545128	CFA	D13 Rope Rescue	\N	f
564456	CFA	Corangamite GROUP	CGGP	f
1867241	CFA	TECH RESCUE ALL	ALLTRESC	f
578920	CFA	Numurkah GROUP	NKGP	f
581288	CFA	Ovens Valley GROUP	OVGP	f
576856	CFA	Robinvale and District GROUP	RDGP	f
576968	CFA	Southern Mallee GROUP	SMGP	f
577128	CFA	Sunraysia GROUP	SRGP	f
577296	CFA	Birchip GROUP	BPGP	f
577392	CFA	Charlton GROUP	CHGP	f
577504	CFA	Donald GROUP	DNGP	f
577648	CFA	Gordon GROUP	GOGP	f
577776	CFA	Kerang GROUP	KEGP	f
577984	CFA	Northern Campaspe GROUP	NCGP	f
578144	CFA	Tyrell GROUP	TYGP	f
561336	CFA	Balmoral GROUP	BMGP	f
561464	CFA	Casterton GROUP	CTGP	f
561720	CFA	Dartmoor GROUP	DMGP	f
561832	CFA	Heywood GROUP	HWGP	f
562088	CFA	Merino GROUP	MRGP	f
562360	CFA	Nareen GROUP	NEGP	f
562472	CFA	Strathdownie GROUP	SDGP	f
562592	CFA	Belfast GROUP	BSGP	f
562704	CFA	Dundas GROUP	DDGP	f
562992	CFA	Hawkesdale GROUP	HDGP	f
563136	CFA	Hopkins - Curdies GROUP	HCGP	f
563312	CFA	Macarthur GROUP	MCGP	f
563488	CFA	Merri GROUP	MIGP	f
1353112	FRV	FRV 85 (Boronia)	FS85	f
1352976	FRV	FRV 58 (Point Cook)	FS58	f
1353032	FRV	FRV 54 (Greenvale)	FS54	f
1312120	FRV	FRV 67 (Ballarat)	FS67	f
1353120	FRV	FRV 55 (Caroline Springs)	FS55	f
1353024	FRV	FRV 88 (Hallam)	FS88	f
1312096	FRV	FRV 70 (Warrnambool)	FS70	f
1353096	FRV	FRV 64 (Belmont)	FS64	f
1352992	FRV	FRV 53 (Sunbury)	FS53	f
1312112	FRV	FRV 78 (Morwell)	FS78	f
1353000	FRV	FRV 89 (Springvale)	FS89	f
1353048	FRV	FRV 91 (Frankston)	FS91	f
1312144	FRV	FRV 74 (Wangaratta)	FS74	f
1312088	FRV	FRV 73 (Bendigo)	FS73	f
1368464	FRV	FRV 81 EMR (South Morang)	FS81E	f
1003408	FRV	FRV 26 (Croydon)	FS26	f
1003416	FRV	FRV 27 (Nunawading)	FS27	f
1003376	FRV	FRV 22 (Ringwood)	FS22	f
1869896	FRV	FRV 71 (Portland)	FS71	f
1877544	FRV	FRV 61 (Lara)	FS61	f
1876776	FRV	FRV 68 (Lucas)	FS68	f
1889320	FRV	FRV 79 (Latrobe West)	FS79	f
1845968	FRV	FRV 81 (South Morang)	FS81	f
1353136	FRV	FRV 80 (Craigieburn)	FS80	f
1353056	FRV	FRV 82 (Eltham)	FS82	f
1312136	FRV	FRV 75 (Shepparton)	FS75	f
1462408	FRV	FRV 95 (Rosebud)	FS95	f
1353072	FRV	FRV 92 (Cranbourne)	FS92	f
1353064	FRV	FRV 87 (Dandenong)	FS87	f
1312128	FRV	FRV 72 (Mildura)	FS72	f
1312104	FRV	FRV 77 (Traralgon)	FS77	f
1312152	FRV	FRV 76 (Wodonga)	FS76	f
1003208	FRV	FRV 1 (Eastern Hill)	FS01	f
1003280	FRV	FRV 10 (Richmond)	FS10	f
1003296	FRV	FRV 12 (Preston)	FS12	f
1003304	FRV	FRV 13 (Northcote)	FS13	f
1003312	FRV	FRV 14 (Bundoora)	FS14	f
1003320	FRV	FRV 15 (Heidelberg)	FS15	f
1003328	FRV	FRV 16 (Greensborough)	FS16	f
1003344	FRV	FRV 18 (Hawthorn)	FS18	f
1003472	FRV	FRV 34 (Highett)	FS34	f
1003352	FRV	FRV 19 (North Balwyn)	FS19	f
1003216	FRV	FRV 2 (West Melbourne)	FS02	f
1003384	FRV	FRV 23 (Burwood)	FS23	f
1003392	FRV	FRV 24 (Glen Iris)	FS24	f
1003400	FRV	FRV 25 (Oakleigh)	FS25	f
1003424	FRV	FRV 28 (Vermont South)	FS28	f
1003480	FRV	FRV 35 (Windsor)	FS35	f
1003504	FRV	FRV 38 (South Melbourne)	FS38	f
1003512	FRV	FRV 39 (Port Melbourne)	FS39	f
1003232	FRV	FRV 4 (Brunswick)	FS04	f
1003520	FRV	FRV 40 (Laverton)	FS40	f
1003240	FRV	FRV 5 (Broadmeadows)	FS05	f
1003248	FRV	FRV 6 (Pascoe Vale)	FS06	f
1003256	FRV	FRV 7 (Thomastown)	FS07	f
1003272	FRV	FRV 9 (Somerton)	FS09	f
1003528	FRV	FRV 41 (St Albans)	FS41	f
1003536	FRV	FRV 42 (Newport)	FS42	f
1003544	FRV	FRV 43 (Deer Park)	FS43	f
1003552	FRV	FRV 44 (Sunshine)	FS44	f
1003560	FRV	FRV 45 (Brooklyn)	FS45	f
1003568	FRV	FRV 46 (Altona)	FS46	f
1003576	FRV	FRV 47 (Footscray)	FS47	f
1003584	FRV	FRV 48 (Taylors Lakes)	FS48	f
1003608	FRV	FRV 51 (Keilor)	FS51	f
1003616	FRV	FRV 52 (Tullamarine)	FS52	f
1582976	FRV	FRV 56 (Melton)	FS56	f
1893952	FRV	FRV 57 (Tarneit)	FS57	f
1003672	FRV	FRV 59 (Derrimut)	FS59	f
1798320	FRV	FRV 66 (Ocean Grove)	FS66	f
1464120	FRV	FRV 62 (Corio)	FS62	f
1506120	FRV	FRV 94 (Mornington)	FS94	f
1003288	FRV	FRV 11 (Epping)	FS11	f
1353040	FRV	FRV 63 (Geelong)	FS63	f
1813336	FRV	FRV 86 (Rowville)	FS86	f
1857920	FRV	FRV 84 (South Warrandyte)	FS84	f
1833952	FRV	FRV 93 (Pakenham)	FS93	f
1003360	FRV	FRV 20 (Box Hill)	FS20	f
1003432	FRV	FRV 29 (Clayton)	FS29	f
1003224	FRV	FRV 3 (Carlton)	FS03	f
1003440	FRV	FRV 30 (Templestowe)	FS30	f
1003448	FRV	FRV 31 (Glen Waverley)	FS31	f
1003456	FRV	FRV 32 (Ormond)	FS32	f
1003464	FRV	FRV 33 (Mentone)	FS33	f
1713752	FRV	D08 TECHNICAL RESCUE	\N	f
567840	CFA	West Gippsland GROUP	WTGP	f
568072	CFA	Heyfield GROUP	HYGP	f
568376	CFA	Morwell GROUP	MWGP	f
568520	CFA	Rosedale GROUP	RSGP	f
568600	CFA	Stradbroke GROUP	SBGP	f
568728	CFA	Stratford GROUP	SFGP	f
568840	CFA	Traralgon GROUP	TRGP	f
569000	CFA	Yarram GROUP	YAGP	f
569232	CFA	Bairnsdale GROUP	BDGP	f
569392	CFA	Mount Delegate GROUP	MGGP	f
569488	CFA	Omeo GROUP	OMGP	f
569568	CFA	Orbost GROUP	ORGP	f
569696	CFA	Tambo GROUP	TBGP	f
569912	CFA	Alexandra GROUP	ALGP	f
570104	CFA	Northern Highway GROUP	NHGP	f
570280	CFA	Seymour GROUP	SYGP	f
570472	CFA	Yea GROUP	YEGP	f
572592	CFA	Ballan GROUP	BNGP	f
572768	CFA	Ballarat GROUP	BTGP	f
572944	CFA	Buninyong GROUP	BUGP	f
573056	CFA	Creswick GROUP	CWGP	f
573216	CFA	Eureka GROUP	ERGP	f
573312	CFA	Glenlyon GROUP	GLGP	f
573440	CFA	Grenville GROUP	GVGP	f
573568	CFA	Kyneton GROUP	KYGP	f
573712	CFA	Newstead GROUP	NSGP	f
573792	CFA	Tullaroop GROUP	TUGP	f
573960	CFA	Ararat GROUP	ARGP	f
574088	CFA	Beaufort GROUP	BFGP	f
574216	CFA	Pyrenees GROUP	PRGP	f
574408	CFA	Stawell GROUP	SWGP	f
574552	CFA	Westmere GROUP	WMGP	f
574912	CFA	Apsley GROUP	APGP	f
574992	CFA	Dunmunkle GROUP	DUGP	f
575104	CFA	Ebenezer GROUP	EBGP	f
575216	CFA	Edenhope GROUP	EDGP	f
575312	CFA	Goroke GROUP	GRGP	f
575440	CFA	Grampians GROUP	GPGP	f
575520	CFA	Horsham GROUP	HSGP	f
575616	CFA	Jilpanger GROUP	JPGP	f
575744	CFA	Kaniva GROUP	KAGP	f
575888	CFA	Lowan GROUP	LWGP	f
576048	CFA	Natimuk GROUP	NMGP	f
576144	CFA	Rainbow GROUP	RBGP	f
576224	CFA	Warracknabeal GROUP	WBGP	f
576472	CFA	Mid Murray GROUP	MYGP	f
576664	CFA	Murrayville and Border GROUP	MVGP	f
576712	CFA	Ouyen and District GROUP	OUGP	f
578296	CFA	Deakin GROUP	DKGP	f
578440	CFA	Euroa GROUP	EUGP	f
578696	CFA	Murchison GROUP	MHGP	f
578824	CFA	Nathalia & District GROUP	NDGP	f
579080	CFA	Rodney GROUP	RYGP	f
579368	CFA	Tungamah GROUP	TMGP	f
579624	CFA	Waranga GROUP	WRGP	f
579760	CFA	Benalla GROUP	BLGP	f
580000	CFA	Devenish GROUP	DVGP	f
580096	CFA	Mansfield GROUP	MNGP	f
580288	CFA	Moyhu GROUP	MOGP	f
580432	CFA	Rutherglen GROUP	RUGP	f
580576	CFA	Wangaratta GROUP	WGGP	f
580816	CFA	Yarrawonga GROUP	YWGP	f
580952	CFA	Corroyong GROUP	CYGP	f
581512	CFA	Pilot GROUP	PIGP	f
581624	CFA	Tallangatta GROUP	TGGP	f
581816	CFA	Wodonga GROUP	WAGP	f
579192	CFA	Sherbourne GROUP	SPGP	f
560112	CFA	Bendigo GROUP	BGGP	f
560304	CFA	Dunolly GROUP	DYGP	f
560400	CFA	East Loddon GROUP	ELGP	f
560512	CFA	Elmore GROUP	EMGP	f
560592	CFA	Inglewood GROUP	IWGP	f
567424	CFA	Mirboo GROUP	MBGP	f
560784	CFA	Metcalfe GROUP	MTGP	f
560944	CFA	St Arnaud GROUP	SAGP	f
561120	CFA	Wedderburn GROUP	WDGP	f
563976	CFA	Beeac GROUP	BGRP	f
564136	CFA	Camperdown GROUP	CAGP	f
564328	CFA	Cobden GROUP	CBGP	f
571152	CFA	Nillumbik GROUP	NIGP	f
579528	CFA	Violet Town GROUP	VTGP	f
581112	CFA	Kiewa Valley GROUP	KVGP	f
564712	CFA	Lismore GROUP	LIGP	f
564872	CFA	Timboon GROUP	TIGP	f
565072	CFA	Anakie GROUP	ANGP	f
565232	CFA	Bellarine GROUP	BEGP	f
565520	CFA	Geelong GROUP	GEGP	f
565632	CFA	Leigh GROUP	LEGP	f
565760	CFA	Winchelsea GROUP	WIGP	f
567200	CFA	Leongatha-Kourmburra GROUP	LKGP	f
567536	CFA	Narracan GROUP	NAGP	f
567728	CFA	South Gippsland GROUP	SGGP	f
560688	CFA	Maldon GROUP	MDGP	f
568248	CFA	Maffra GROUP	MFGP	f
1931273	SES	ALEXANDRA HIGH ANGLE RESCUE	ALEXHA	f
1883952	CFA	Plenty Tech Rescue	PLENTR	f
241065	SES	Sale	SALU	f
242097	SES	Marong	MARG	f
242129	SES	Mildura	MDRA	f
240225	SES	Chelsea	CHEL	f
242473	SES	Colac	COLC	f
241049	SES	Rosedale	RDLE	f
241161	SES	Yarram	YARM	f
240761	SES	Bairnsdale	BAIR	f
240577	SES	Pakenham	PAKE	f
241545	SES	Benalla	BENA	f
241865	SES	Wodonga	WDGA	f
241753	SES	Myrtleford	MYRT	f
241145	SES	Wonthaggi	WONT	f
240465	SES	Malvern	MALV	f
1694592	FRV	FRV 92 EMR (Cranbourne)	ECRAN	f
242273	SES	Wedderburn	WEDD	f
242617	SES	Mortlake	MORT	f
241897	SES	Yarrawonga	YWGA	f
242409	SES	Bannockburn	BANN	f
240905	SES	Inverloch	INVC	f
1595769	SES	Daylesford	DLFD	f
240385	SES	Hastings	HAST	f
240809	SES	Bruthen	BTHN	f
1049	SES	SES Incident 7	SESINC7	f
241817	SES	Tallangatta	TALL	f
241249	SES	Bacchus Marsh	BACC	f
240481	SES	Melton	MELT	f
242113	SES	Maryborough	MARH	f
242177	SES	Robinvale	ROBE	f
240937	SES	Port PhiLlip	LSPO	f
240625	SES	Port Phillip	PTPH	f
1368488	FRV	FRV 94 EMR (Mornington)	EMORN	f
241329	SES	Horsham	HSRM	f
241393	SES	St Arnaud	STAD	f
241441	SES	Birchip	BIRP	f
241593	SES	Cobram	CBRM	f
240241	SES	Craigieburn	CRAI	f
241785	SES	Rutherglen	RUTH	f
241881	SES	Yackandandah	YACK	f
241577	SES	Chiltern	CHIL	f
566952	SES	Western Port	WEGP	f
1929825	SES	Wyndam West	WYNW	f
1368480	CFA	Edithvale EMR	EEDIT	f
241425	SES	Warracknabeal	WKBL	f
242489	SES	Corio	CORI	f
1898064	CFA	Wangaratta MCV	WRATCV	f
242193	SES	Rochester	ROCH	f
242745	SES	Warrnambool	WNBL	f
241297	SES	Edenhope	EDNH	f
242761	SES	Winchelsea	WINC	f
241313	SES	Garoka	GRKE	f
241081	SES	San Remo	SANR	f
563632	CFA	Mortlake GROUP	MLGP	f
563744	CFA	Mount Rouse GROUP	MSGP	f
563856	CFA	Serra GROUP	SEGP	f
565392	CFA	Coastal GROUP	COGP	f
565976	CFA	Bass Coast GROUP	BCGP	f
566152	CFA	Casey GROUP	CSGP	f
566584	CFA	Peninsula GROUP	PEGP	f
566728	CFA	South East GROUP	EAGP	f
570656	CFA	Dandenong Ranges GROUP	RAGP	f
571008	CFA	Knox GROUP	KNGP	f
571376	CFA	Maroondah GROUP	MAGP	f
571720	CFA	Bacchus Marsh GROUP	BAGP	f
571832	CFA	Hume GROUP	HUGP	f
572296	CFA	Romsey GROUP	ROGP	f
572408	CFA	Whittlesea/Diamond Valley GROUP	WHGP	f
571992	CFA	Mount Cottrell GROUP	MUGP	f
1213656	CFA	Yarra Valley GROUP	YVGP	f
572152	CFA	Mount Macedon GROUP	MMGP	f
566328	CFA	Cardinia GROUP	CDGP	f
240529	SES	HEIDELBERG	NORT	f
